{"cameraMode":{"drawMode":0,"name":"Shaded","section":"Shading Mode"},"sceneLighting":true,"audioPlay":false,"sceneViewState":{"showFog":true,"showMaterialUpdate":false,"showSkybox":true,"showFlares":true,"showImageEffects":true,"showParticleSystems":true,"showVisualEffectGraphs":true,"m_FxEnabled":true},"in2DMode":false,"pivot":{"x":-14.224409103393555,"y":18.53799819946289,"z":-14.31524658203125},"rotation":{"x":-0.00038243611925281584,"y":0.9995629787445068,"z":-0.014994650147855282,"w":-0.025494422763586046},"size":233.81414794921876,"orthographic":false}